Date,Close,High,Low,Open,Volume
2023-01-02,1427.211669921875,1429.552896414529,1408.5287282375762,1417.846763951259,3801140
2023-01-03,1425.8538818359375,1435.3124145171728,1418.876957917731,1423.32528849572,4551130
2023-01-04,1399.8660888671875,1424.4020950067627,1396.4010053183051,1424.4020950067627,7059590
2023-01-05,1381.5108642578125,1410.2611937869729,1375.938791008204,1410.2611937869729,9868404
2023-01-06,1356.5067138671875,1381.3237162265114,1354.6337325570498,1376.6412629511672,6443714
2023-01-09,1390.17333984375,1394.7621663647355,1356.2255576840662,1356.2255576840662,11498717
2023-01-10,1376.4072265625,1389.658593025879,1361.704368083407,1387.8792378061746,7158624
2023-01-11,1377.811767578125,1399.1169283002337,1371.022210864486,1376.6411543516356,6173092
2023-01-12,1386.5677490234375,1390.6883299014971,1362.5936161661132,1387.831988277993,6591385
2023-01-13,1408.154052734375,1422.903779047324,1374.768141422796,1389.2837450958568,11610426
2023-01-16,1428.6165771484375,1430.95780392187,1406.8900384180706,1414.1009711531567,6073063
2023-01-17,1441.7271728515625,1444.2556515588471,1427.2115696172662,1430.021041211001,5922644
2023-01-18,1447.252685546875,1453.2930045630997,1441.8209940041047,1446.6439437557135,5843098
2023-01-19,1441.1654052734375,1451.13905301362,1429.2251501394285,1442.1018958721831,6165284
2023-01-20,1428.663330078125,1446.8780271524117,1427.2117238707285,1440.322592725184,6496429
2023-01-23,1449.6873779296875,1454.6508235941217,1431.0511930372077,1437.5130007248517,4855020
2023-01-24,1453.3397216796875,1469.1664349936377,1451.3262441138772,1460.9252723456354,5200802
2023-01-25,1445.0050048828125,1457.1793827593365,1441.024919807795,1448.7509673063582,4158617
2023-01-27,1422.669677734375,1452.450009383952,1411.6659134946801,1447.814426771755,6209955
2023-01-30,1441.07177734375,1445.9414827242906,1423.465708381426,1431.7068713675565,6964719
2023-01-31,1436.3424072265625,1450.5302621810438,1416.9102279600907,1450.5302621810438,9448126
2023-02-01,1452.590576171875,1456.2897827073034,1431.0045359959654,1444.2557867997823,6194199
2023-02-02,1483.1668701171875,1486.1635940724316,1453.4332959254143,1453.4332959254143,6916834
2023-02-03,1497.8231201171875,1502.7396958709587,1473.099744891826,1496.0437650760916,7040194
2023-02-06,1470.1497802734375,1496.51201414969,1462.4237326409375,1496.51201414969,4570612
2023-02-07,1463.1728515625,1475.9559703756936,1456.336424851358,1469.3536663009922,4336238
2023-02-08,1489.4881591796875,1501.194290578459,1466.0758963821445,1466.0758963821445,7983338
2023-02-09,1514.3052978515625,1516.8806469975686,1485.3209595535925,1494.8262476746913,6904911
2023-02-10,1506.3919677734375,1513.6497697664495,1495.0603403043833,1510.5124348701506,4786762
2023-02-13,1467.9022216796875,1495.575566077777,1466.5443559660605,1495.575566077777,4001199
2023-02-14,1492.0635986328125,1494.6389476968263,1477.9226139084933,1484.0565585430722,5043736
2023-02-15,1495.6224365234375,1497.4485475616743,1475.9092626373974,1483.4011878284502,3465747
2023-02-16,1500.070556640625,1511.9170702327062,1496.3713505059302,1498.384827982069,4290289
2023-02-17,1483.2137451171875,1493.7023933117987,1475.4408280017171,1492.7659027830766,2857734
2023-02-20,1491.3143310546875,1501.1943520871423,1481.9962958065519,1484.2906519276423,2417716
2023-02-21,1479.1868896484375,1499.9301791189498,1475.9091725773583,1497.1674632827064,2723288
2023-02-22,1462.6109619140625,1474.9725912373558,1456.5237734422892,1463.7347048279285,3656244
2023-02-23,1452.2158203125,1470.1496368399694,1449.8278380496934,1470.1496368399694,4766854
2023-02-24,1452.1690673828125,1469.3536457941773,1446.8778730095628,1460.925230999947,2790986
2023-02-27,1413.4451904296875,1442.1954037249197,1406.6087638927463,1442.1954037249197,4920268
2023-02-28,1393.07666015625,1427.2116973480245,1387.2235938121391,1419.345153317999,9679811
2023-03-01,1401.0367431640625,1405.5318292458812,1387.4107598361636,1397.6185297683587,5125043
2023-03-02,1378.6546630859375,1394.0598877672114,1374.1127065281696,1390.6885444623579,4644499
2023-03-03,1385.3504638671875,1395.1836142697232,1379.45052789859,1392.3272724733395,4615015
2023-03-06,1411.712646484375,1423.8402678058542,1398.3209000903332,1399.6320097355872,6561742
2023-03-08,1397.8994140625,1400.989878639518,1387.0361464232192,1395.8860508113924,4137080
2023-03-09,1386.380615234375,1403.1905746633752,1380.9489243872285,1400.0533542248045,5104656
2023-03-10,1378.0927734375,1380.6681225599923,1365.0755313729987,1367.2762613959524,3699580
2023-03-13,1343.9576416015625,1384.414104244787,1337.308581183309,1371.209495287346,8798403
2023-03-14,1329.816650390625,1356.3661360049541,1321.3882350008253,1349.4829529668243,7402784
2023-03-15,1329.4888916015625,1351.2154276056997,1326.866672217267,1346.673471098705,7556182
2023-03-16,1314.926513671875,1327.7565043125921,1309.8694412411437,1327.7565043125921,7323117
2023-03-17,1330.4720458984375,1351.2622041871493,1321.7627525884982,1339.1814535260683,9090018
2023-03-20,1314.5050048828125,1329.5356098656707,1296.898936527613,1329.5356098656707,8221829
2023-03-21,1302.37744140625,1315.7693028132087,1301.7219437084414,1310.1503591713017,8536755
2023-03-22,1301.0194091796875,1317.8762379471768,1294.3703495849375,1313.896153377075,8356487
2023-03-23,1287.253173828125,1296.0560938352812,1282.9920959575372,1296.0560938352812,7607718
2023-03-24,1292.9658203125,1310.1035303720173,1290.015851943607,1299.8490036281137,7559127
2023-03-27,1300.738525390625,1307.1067069639184,1286.8316633547095,1298.2100465905298,4170193
2023-03-28,1290.1092529296875,1309.2136814452147,1288.4703946016982,1303.688364790171,6633366
2023-03-29,1295.6815185546875,1301.6282105568607,1277.8881984840543,1291.4204409159593,8813966
2023-03-31,1337.2615966796875,1339.134577725812,1305.3741629600318,1314.8326943794225,8711975
2023-04-03,1321.2476806640625,1343.863950499421,1315.9097302114565,1343.863950499421,5242764
2023-04-05,1333.14111328125,1336.8402050743448,1311.0867160098653,1311.0867160098653,7506334
2023-04-06,1331.5960693359375,1337.6832585208806,1320.7795566725333,1326.0707516737557,6948465
2023-04-10,1336.933837890625,1342.9274000570676,1325.1340802515695,1333.5156246433992,4993788
2023-04-11,1316.84619140625,1342.3186882844154,1300.7853558338913,1338.1513511220319,6942255
2023-04-12,1337.589599609375,1340.5863238692878,1311.0868693098168,1323.3081176401072,5831169
2023-04-13,1300.97265625,1321.4350666922073,1295.1664604335588,1320.2175832221326,11267238
2023-04-17,1178.385986328125,1181.0549612637722,1110.022183050785,1170.8940626812932,53171705
2023-04-18,1179.369384765625,1189.2961620139442,1173.5163186619347,1189.2961620139442,12430884
2023-04-19,1153.9434814453125,1174.6867676807594,1151.321376788005,1174.6867676807594,11307230
2023-04-20,1145.7025146484375,1159.2347568127234,1143.8295336254116,1152.5388267918681,8621249
2023-04-21,1149.4017333984375,1154.9270508901977,1142.518550242077,1150.1041013596518,8691352
2023-04-24,1148.4183349609375,1151.8833040509267,1140.6454181577467,1150.01032306873,8313774
2023-04-25,1147.107177734375,1157.033953663908,1137.8358993942925,1148.0904241185508,6808576
2023-04-26,1149.589111328125,1154.6929395023315,1143.0336769594987,1150.010486381884,5680192
2023-04-27,1167.1014404296875,1168.5530466243042,1147.5756337783162,1151.883467786171,8020704
2023-04-28,1173.1885986328125,1179.0416648802322,1165.8839262289528,1175.9512001745147,10118277
2023-05-02,1196.31982421875,1198.473798241163,1174.8742817758778,1174.8742817758778,8886401
2023-05-03,1188.5469970703125,1191.684217529937,1181.9446930064287,1185.597028992456,5549783
2023-05-04,1192.6676025390625,1194.7747063063484,1182.3193360882024,1188.3596544940103,4505401
2023-05-05,1179.1353759765625,1197.7715631137266,1174.5934191050756,1197.7715631137266,5373791
2023-05-08,1185.2225341796875,1189.6241087896717,1175.4830086350073,1182.2725657925323,5260842
2023-05-09,1189.99853515625,1191.2160186382266,1180.6336293493457,1185.597075154084,4969897
2023-05-10,1183.0216064453125,1195.3364791998104,1179.182018316231,1195.3364791998104,6515734
2023-05-11,1176.3258056640625,1194.868365048372,1173.4695779589974,1189.5771703584003,6888461
2023-05-12,1166.1180419921875,1176.2321861350786,1160.358716292899,1173.7504631972886,8292212
2023-05-15,1178.432861328125,1188.312882362726,1166.5394770641556,1170.5195619036792,5534710
2023-05-16,1184.005126953125,1193.042169908385,1182.5535207768626,1184.660624654707,5236469
2023-05-17,1167.7100830078125,1180.8677065697564,1163.5426314934318,1180.539957742662,10465667
2023-05-18,1166.8671875,1179.6503059569368,1163.5426004281203,1178.6669451842147,6948732
2023-05-19,1188.31298828125,1192.433569934166,1173.2355119382144,1176.2791064985481,11094136
2023-05-22,1210.6951904296875,1213.3172957291974,1189.577279980262,1192.105759075809,7625947
2023-05-23,1217.4847412109375,1230.6892367938574,1214.675269201052,1216.688632687303,7436031
2023-05-24,1216.173583984375,1222.1202766431975,1209.2904006921094,1213.9728538593247,4824077
2023-05-25,1221.511474609375,1223.9931975291138,1207.3704896055162,1212.287065188552,4334121
2023-05-26,1233.7794189453125,1239.3983621978339,1223.0566479654947,1223.0566479654947,5521606
2023-05-29,1230.9232177734375,1248.0609264704428,1226.6621399885078,1248.0609264704428,4419365
2023-05-30,1239.77294921875,1242.1610457663946,1226.006584333136,1231.485030999138,6274719
2023-05-31,1234.5755615234375,1246.5625722032387,1230.689102802692,1236.027053313222,17800782
2023-06-01,1235.69921875,1245.0641237803145,1234.3881091822184,1238.5555605113213,4277841
2023-06-02,1232.85205078125,1246.0442552499076,1230.0523176388706,1242.3428286933458,10909311
2023-06-05,1238.0721435546875,1242.770032905285,1231.2388288894117,1237.59760459587,5002553
2023-06-06,1213.87060546875,1222.981729923001,1208.1761382030638,1222.981729923001,10008100
2023-06-07,1223.3138427734375,1228.106732235523,1217.192337010864,1224.784959775844,5397578
2023-06-08,1217.47705078125,1226.208520218204,1215.8635490052707,1220.703822624761,5034942
2023-06-09,1201.4849853515625,1217.1922691627592,1199.6343299974485,1217.1922691627592,5339073
2023-06-12,1226.1610107421875,1229.7200524729546,1208.176032871067,1208.6505717685027,4785588
2023-06-13,1238.404296875,1239.9702986089587,1231.0015586346535,1233.7064075273615,4846587
2023-06-14,1234.1807861328125,1240.1599067207558,1227.3473565054478,1239.8277526637962,3457981
2023-06-15,1221.2734375,1228.0592515206731,1217.334741207218,1228.0592515206731,6161155
2023-06-16,1225.87646484375,1235.2248587754298,1215.8162625032485,1221.4632295382082,8536287
2023-06-19,1228.106689453125,1233.3266174222072,1221.5106449975206,1228.106689453125,4451787
2023-06-20,1237.028076171875,1238.5465775405428,1225.3543724326753,1228.1067213313888,4009180
2023-06-21,1233.184326171875,1237.4077922708432,1229.055860544753,1233.7537497317826,4041529
2023-06-22,1216.290771484375,1223.741009475692,1208.6506484095094,1223.741009475692,6676607
2023-06-23,1200.58349609375,1214.2027402501333,1199.017494449738,1211.4503912779653,7239467
2023-06-26,1205.660888671875,1209.1250456076068,1197.9733821178977,1205.5660040683379,3403244
2023-06-27,1214.012939453125,1216.717788120144,1209.3149346432444,1214.8196324444496,3240024
2023-06-28,1227.48974609375,1230.6691335441883,1216.148312756534,1224.3103586433117,5662358
2023-06-30,1267.4935302734375,1270.7204182911057,1238.024615257097,1241.5836573675615,12821692
2023-07-03,1265.7850341796875,1277.4587376334816,1260.8023756562286,1262.2734926096066,7732412
2023-07-04,1276.652099609375,1277.4587926151432,1263.60227910532,1275.8454066036068,5797775
2023-07-05,1278.692626953125,1288.800213319331,1272.7133901877326,1288.7053287056738,5414936
2023-07-06,1275.4656982421875,1278.8348549715627,1269.0594229934848,1274.1844663632921,5963897
2023-07-07,1262.4632568359375,1277.268963359019,1257.8602526271318,1266.0697988565291,6295647
2023-07-10,1261.4666748046875,1273.5674157356068,1252.11828243282,1268.489873104064,3940315
2023-07-11,1279.9263916015625,1282.1093170430452,1259.4263327917743,1265.5478387081876,6126128
2023-07-12,1265.405517578125,1283.058342052219,1259.4262809050838,1282.2041488340378,8102770
2023-07-13,1295.5860595703125,1306.690339153955,1263.0801454732614,1266.9239568395649,9977644
2023-07-14,1353.3375244140625,1357.1813360782141,1310.344366986501,1310.344366986501,12833381
2023-07-17,1350.4903564453125,1384.657160971355,1342.2809252634163,1353.337590155816,11569884
2023-07-18,1400.07958984375,1402.689553916086,1356.232239770198,1360.977628992627,16743977
2023-07-19,1399.84228515625,1422.4778838610052,1386.3179262126616,1410.3296414156002,13687062
2023-07-20,1375.6884765625,1396.0936523100638,1367.3365443334287,1396.0936523100638,8347221
2023-07-21,1263.7921142578125,1281.2551708686472,1238.5466651730258,1252.9726029774079,45548305
2023-07-24,1268.537353515625,1281.1601344899118,1266.3070438754467,1272.713318970938,8859789
2023-07-25,1266.6392822265625,1274.4691745310197,1256.8163495972713,1268.9170922496144,6801982
2023-07-26,1280.16357421875,1281.2550368654431,1271.1948353023815,1274.6114922298445,5528885
2023-07-27,1284.2447509765625,1294.352453525993,1278.4553991042765,1289.4171790586518,9191861
2023-07-28,1272.2388916015625,1294.3998368148239,1267.9680411635118,1284.9090580635998,6122735
2023-07-31,1286.6646728515625,1288.3730591611986,1265.3579234818917,1280.0686287614487,7902180
2023-08-01,1295.6810302734375,1299.287572433425,1287.8986382703856,1292.6440275049854,6064652
2023-08-02,1287.75634765625,1302.0874010225946,1279.7840699878916,1299.5724372276036,7419145
2023-08-03,1294.826904296875,1296.9623293722977,1280.3059674423107,1281.2550452536098,6503741
2023-08-04,1308.1614990234375,1315.3270835031713,1292.6440985443578,1299.1927592188438,5712345
2023-08-07,1322.0654296875,1323.9635853654431,1306.8801842639537,1317.2251558795901,3729093
2023-08-08,1319.407958984375,1322.5874624128603,1313.9033770576289,1321.9230384162722,4161877
2023-08-09,1323.3941650390625,1324.9126664142502,1312.1001155570925,1313.523732318999,4090828
2023-08-10,1318.3638916015625,1324.7227820981661,1315.0421194457037,1320.7365859986046,3873025
2023-08-11,1301.992431640625,1325.7193780052326,1297.4369274511587,1321.1163735813448,5783517
2023-08-14,1322.58740234375,1323.9635187993792,1296.0606085656661,1301.9923447610038,4304135
2023-08-16,1346.2669677734375,1347.6430843526266,1333.8340707625202,1338.9591144663077,7735313
2023-08-17,1339.6710205078125,1347.6906828067617,1334.4035915678219,1347.6906828067617,5618346
2023-08-18,1318.079345703125,1336.9659019665257,1315.5642662654966,1332.2205127839168,5134103
2023-08-21,1333.8341064453125,1335.3526079174417,1316.513434736362,1318.9810141103515,3032722
2023-08-22,1332.26806640625,1334.450991859419,1325.5296366677576,1333.1696440453838,2890714
2023-08-23,1336.254150390625,1344.4636971963555,1334.071340786375,1343.894273641083,2559125
2023-08-24,1351.107177734375,1352.4834101025679,1342.4230924054214,1349.1141374590973,5171963
2023-08-25,1347.7852783203125,1350.0630880720857,1339.5283483061276,1341.046849522571,4307172
2023-08-28,1343.56201171875,1352.2460967659154,1339.5284310658142,1347.7853615901345,3133464
2023-08-29,1345.4603271484375,1351.8666030641068,1343.2300172227185,1351.4869487278863,3074444
2023-08-30,1362.0692138671875,1363.4928307616199,1351.4869717810595,1354.334205569924,3070887
2023-08-31,1362.3536376953125,1371.322492128357,1355.8999783761528,1362.0689838770345,9792735
2023-09-01,1370.325927734375,1372.3664681296166,1355.472837325475,1358.0828012171462,3582133
2023-09-04,1390.493896484375,1395.1444009918598,1361.6419074698886,1369.5192997491522,4609014
2023-09-05,1403.5911865234375,1404.682649168118,1382.3318205578817,1390.398981886232,5496840
2023-09-06,1402.2149658203125,1407.3875094039042,1388.7856074751687,1406.4384315927011,5075786
2023-09-07,1391.537841796875,1398.3712715567144,1387.599261559934,1395.7138073410727,4411743
2023-09-08,1394.7647705078125,1399.6525445547095,1385.843415640873,1388.9754188545974,3125838
2023-09-11,1401.2659912109375,1402.784608504087,1389.9245568734652,1394.7648308962373,4182226
2023-09-12,1424.6607666015625,1427.4131155936998,1401.8828977357055,1407.0079414013696,6793161
2023-09-13,1422.0509033203125,1428.3622947703786,1412.844893675781,1428.3622947703786,4804686
2023-09-14,1430.212890625,1435.5278195318951,1422.810152540514,1428.3622350674373,6444213
2023-09-15,1434.6259765625,1441.0797519318335,1432.158397458069,1440.7000976417155,8657816
2023-09-18,1415.8343505859375,1428.2672469657018,1412.2278084967415,1428.2672469657018,3991916
2023-09-20,1414.36328125,1418.9662857014068,1401.0286909716779,1401.0286909716779,4169337
2023-09-21,1425.2777099609375,1427.9351743734753,1400.838954487993,1410.8517724894755,6779195
2023-09-22,1419.9627685546875,1430.212739245439,1409.5702971693781,1415.9291879191353,5455613
2023-09-25,1399.0831298828125,1413.9836057236516,1396.6155506540035,1413.9836057236516,4217863
2023-09-26,1386.2706298828125,1404.540379089813,1384.7046282085087,1403.8285706791507,3996528
2023-09-27,1392.297119140625,1394.7646982259262,1376.2102969278262,1381.8572634415473,3863586
2023-09-28,1366.1500244140625,1397.6119773813948,1361.9266744482306,1393.1513579600842,5814602
2023-09-29,1362.3536376953125,1373.125763060997,1343.894121422824,1359.174250338779,6068968
2023-10-03,1360.9776611328125,1363.8248947335087,1347.9753406979924,1362.9233171016476,4181867
2023-10-04,1370.800537109375,1376.115349773036,1345.9821287470402,1352.4359043163458,4510406
2023-10-05,1388.927978515625,1400.506798175597,1376.3526965932092,1378.0610831205893,7384621
2023-10-06,1403.4012451171875,1408.9059424972613,1388.7855402158827,1394.6697760186767,3598672
2023-10-09,1400.3167724609375,1415.0749783691183,1387.7414918013862,1390.3040713351108,3567552
2023-10-10,1419.0137939453125,1420.769564825854,1394.2902692043456,1408.3366679571423,5688951
2023-10-11,1418.3018798828125,1440.9373621205468,1406.0112529262074,1420.769458978731,7220129
2023-10-12,1390.8736572265625,1427.7928105687595,1378.06110562468,1415.929336863313,11081662
2023-10-13,1358.272705078125,1364.7738647819372,1328.7089086889514,1333.4542976485548,17973439
2023-10-16,1361.1201171875,1370.088857157179,1357.1814206629801,1359.1744611168824,4850745
2023-10-17,1368.997314453125,1379.3422863103474,1364.8214645475139,1366.9093895003193,3923764
2023-10-18,1367.194091796875,1379.9591420581296,1365.10605109278,1368.5702082859855,4264837
2023-10-19,1360.6455078125,1366.3399750170827,1353.4799235717073,1353.4799235717073,6795691
2023-10-20,1354.5714111328125,1365.2485373372226,1352.6732553631398,1357.1813753161127,3928622
2023-10-23,1336.9185791015625,1359.41167852039,1333.6916911380672,1353.0054028291024,2636516
2023-10-25,1317.1143798828125,1348.3586525886205,1308.702460308172,1344.9457697053938,6940777
2023-10-26,1306.9239501953125,1320.9118187987838,1300.819322975117,1302.6940498987915,6357656
2023-10-27,1327.0164794921875,1331.4868378336528,1310.9617753926811,1310.9617753926811,4634358
2023-10-30,1323.8441162109375,1327.0165416619768,1310.4330405582423,1327.0165416619768,2667696
2023-10-31,1315.528076171875,1327.7854443916494,1310.3366967492134,1326.6317393233992,3451595
2023-11-01,1301.8287353515625,1324.228405726366,1299.4253296877127,1319.9985056410244,3090672
2023-11-02,1317.21044921875,1323.1228502528031,1309.0388704727309,1317.066221417181,3758060
2023-11-03,1335.38037109375,1338.2163429825457,1324.516929988651,1326.7281102555007,3349045
2023-11-06,1349.079833984375,1352.877168328979,1337.0628045979033,1340.0430044149878,2736381
2023-11-07,1350.0411376953125,1351.5792939192095,1340.9561934614692,1345.9072328244042,2272209
2023-11-08,1337.2548828125,1350.713954242676,1332.8806376561768,1350.713954242676,3550635
2023-11-09,1321.680908203125,1343.5037849964333,1317.1144373775558,1341.9656288206845,5498051
2023-11-10,1315.960693359375,1320.0945979787737,1308.4140231623705,1317.0181683643543,2943649
2023-11-13,1320.4791259765625,1329.0351558628986,1317.8833775668425,1326.5356375583356,3462092
2023-11-15,1356.00146484375,1359.3662327465881,1339.1776253295595,1344.945798877282,8551860
2023-11-16,1389.0723876953125,1397.2439671097416,1356.097614410863,1361.3851069731406,6673907
2023-11-17,1382.00634765625,1394.9366229606476,1379.602942034333,1385.3711155269339,4901251
2023-11-20,1381.093017578125,1395.8980200494077,1378.2570458149964,1386.2843973217946,3584210
2023-11-21,1383.400390625,1393.9753762378386,1381.2373253860103,1386.2844776103195,3793135
2023-11-22,1401.4739990234375,1402.579471778413,1380.7084795916498,1380.7084795916498,3108786
2023-11-23,1393.2542724609375,1411.1837023014712,1391.7641139980717,1411.1837023014712,3186928
2023-11-24,1381.8621826171875,1396.522957576825,1378.4492995375242,1389.6973087712938,2973195
2023-11-28,1386.957275390625,1389.1684555139282,1371.9120500149772,1388.2070932609774,3755373
2023-11-29,1403.204345703125,1404.2618207292774,1393.7830658701937,1395.032766408813,3875778
2023-11-30,1398.92626953125,1404.2137617851981,1393.5426645252603,1397.0996578273105,10120867
2023-12-01,1396.1864013671875,1403.492730780569,1390.274000233607,1403.492730780569,3489187
2023-12-04,1407.770751953125,1415.0290836998097,1393.3023208663506,1404.0214158015515,5511948
2023-12-05,1397.7725830078125,1410.2222944378952,1386.2843511722765,1409.1648194438199,5123039
2023-12-06,1417.33642578125,1419.9320569397587,1394.9847532532544,1400.4644711895692,5269178
2023-12-07,1409.2608642578125,1415.9422845674553,1405.3193027314842,1415.9422845674553,4424453
2023-12-08,1433.5352783203125,1436.9480437426093,1409.5973358972342,1413.5870125267115,6323433
2023-12-11,1430.9876708984375,1440.1206120294655,1424.7388164403658,1432.4297142349155,3862018
2023-12-12,1419.018798828125,1432.4297553003266,1410.9433324415797,1420.412727151834,6103494
2023-12-13,1393.013916015625,1419.018812113955,1377.7763476514297,1418.9706970593943,8549258
2023-12-14,1443.4373779296875,1452.618434833256,1404.8867731828336,1406.857612838719,12489858
2023-12-15,1517.4141845703125,1527.1720347866103,1462.2319684696038,1464.202808005046,18395389
2023-12-18,1503.9071044921875,1531.4501581135773,1500.0136575533297,1507.367985333549,6467243
2023-12-19,1498.0909423828125,1513.1361687292908,1483.6223926007674,1509.4349472873578,4221721
2023-12-20,1477.037109375,1522.3172517113799,1470.8843669835246,1504.580163639275,6592367
2023-12-21,1476.6524658203125,1486.890997599005,1462.4723721543946,1462.4723721543946,5319038
2023-12-22,1502.51318359375,1505.4933832955423,1464.154803805307,1475.6430365128183,6741060
2023-12-26,1484.2952880859375,1488.1888523737832,1464.1547946804083,1475.691142373228,6878067
2023-12-27,1506.55078125,1509.3387552878505,1484.3433364104721,1484.3433364104721,4225849
2023-12-28,1502.27294921875,1508.3294618111136,1494.9185035280595,1508.3294618111136,5702253
2023-12-29,1483.2860107421875,1499.1964874096525,1480.498036423616,1481.5075138445175,4388990
2024-01-01,1491.409423828125,1496.8411444511967,1475.9315138206164,1479.5366225500268,2808451
2024-01-02,1475.1143798828125,1489.2944742239738,1464.1548258704092,1486.2661594193387,5396313
2024-01-03,1432.4298095703125,1461.222563163446,1430.507084993708,1461.222563163446,7550363
2024-01-04,1454.252685546875,1461.0303366161402,1435.2177826642023,1446.8021278177912,7056038
2024-01-05,1473.3358154296875,1480.2094618779236,1448.051940416499,1448.532621558546,8895403
2024-01-08,1463.9625244140625,1476.6524595467752,1454.781467714295,1469.8748085428847,4440136
2024-01-09,1470.21142578125,1492.9956655581655,1466.89465540363,1482.3245674013037,4412074
2024-01-10,1461.174560546875,1476.1236736674186,1446.8502390285905,1466.029369674196,4096845
2024-01-11,1436.4674072265625,1466.0774110603124,1429.1610776979376,1465.9812983073941,11296088
2024-01-12,1550.43701171875,1555.48416367133,1495.3029086218012,1501.647876177143,26754401
2024-01-15,1588.2667236328125,1600.6202064269758,1572.7888131840964,1581.3929593220357,13228305
2024-01-16,1568.5106201171875,1584.805663252793,1562.2136504615037,1581.248669882489,6500917
2024-01-17,1576.826416015625,1583.844407829469,1557.6472848471606,1557.6472848471606,9209876
2024-01-18,1579.1336669921875,1585.2864090913179,1565.338141663395,1579.1817820479896,6375464
2024-01-19,1595.09228515625,1601.1489146027204,1580.62385291781,1587.7859551289723,4522736
2024-01-23,1578.7010498046875,1609.993320778504,1574.4229173595988,1586.343832786963,9401255
2024-01-24,1610.6663818359375,1615.0886248379493,1581.4409451538254,1595.765266547254,8999681
2024-01-25,1604.60986328125,1615.617532521229,1593.938764744373,1608.3110848311567,8865304
2024-01-29,1592.5927734375,1614.4637659098305,1583.9405126792153,1600.8124680993892,4253785
2024-01-30,1587.6417236328125,1624.7022872449177,1584.5654112138673,1598.2167089344066,4995943
2024-01-31,1596.7266845703125,1602.8313117696607,1574.8075769550203,1584.5654278748498,6763779
2024-02-01,1593.0255126953125,1612.2046444398836,1586.5843146039933,1595.4289185456998,5760011
2024-02-02,1627.9228515625,1652.1011372395883,1600.668253420957,1601.6777307925615,7858483
2024-02-05,1622.0103759765625,1635.0368816844025,1616.8671112997324,1629.2687080609385,3634135
2024-02-06,1662.6280517578125,1666.0409350058944,1609.2724418946693,1621.5779267866085,7694265
2024-02-07,1628.3072509765625,1662.195269041167,1621.6738282250742,1662.195269041167,4613877
2024-02-08,1626.7210693359375,1640.4204816475594,1617.7804706606282,1632.393130184841,5919715
2024-02-09,1604.85009765625,1627.4902262777873,1595.6691583001955,1619.606985174379,4600004
2024-02-12,1615.184814453125,1627.5382968256615,1605.811531809379,1605.811531809379,3555808
2024-02-13,1619.462890625,1623.8370186269938,1599.2261675031743,1617.9727321357634,2696481
2024-02-14,1601.82177734375,1604.9462047407774,1572.3080024118083,1596.0536036876995,3768579
2024-02-15,1611.5797119140625,1622.5392659025467,1597.3996176038493,1612.204620896798,4834391
2024-02-16,1635.902099609375,1642.9680886909155,1622.7313663445168,1623.740843650647,4880654
2024-02-19,1634.07568359375,1645.3716914079735,1622.4912201278541,1639.1228360213818,3690993
2024-02-20,1620.1357421875,1628.7880024929073,1604.2732649609202,1619.8954016234609,3706389
2024-02-21,1591.5833740234375,1609.320461197266,1581.729410626023,1609.320461197266,4300508
2024-02-22,1616.386474609375,1619.510902074662,1580.8641846763217,1600.6682245239977,5841277
2024-02-23,1612.060302734375,1632.8257043439937,1607.3016064283056,1631.4317759907635,5373072
2024-02-26,1596.0057373046875,1610.2338297480162,1581.441074154028,1610.2338297480162,2782438
2024-02-27,1599.322265625,1606.5324827253958,1588.9396234127066,1596.8227471676216,5159088
2024-02-28,1606.6767578125,1622.5873509570388,1597.8322715172949,1605.4750549270755,3188916
2024-02-29,1609.224365234375,1617.2517169077262,1589.420325475353,1600.6682173585164,7814722
2024-03-01,1590.76611328125,1607.3496125644087,1587.2091197968145,1604.5136407879365,6387291
2024-03-04,1573.9423828125,1600.1395066891168,1570.5296169032401,1593.7945386888434,4445156
2024-03-05,1544.4285888671875,1574.086593386812,1540.1024583661588,1570.8660530401396,4596579
2024-03-06,1555.051513671875,1557.5510319856057,1515.1068662897885,1540.8714208560284,6420684
2024-03-07,1553.9940185546875,1565.5303659740043,1542.2173305641352,1554.138246368188,6348359
2024-03-11,1538.7564697265625,1551.446522464346,1526.643328250248,1546.0148020133513,6752895
2024-03-12,1550.6292724609375,1562.2137350996566,1535.9204997058155,1538.179677636585,4614222
2024-03-13,1549.1392822265625,1561.733105280378,1536.785799755277,1550.5813257217428,5688997
2024-03-14,1589.42041015625,1593.698425645205,1545.8706490348302,1552.023391506724,8803799
2024-03-15,1570.865966796875,1582.2100886516137,1555.8206236318867,1577.6916155196645,11809997
2024-03-18,1540.727294921875,1569.5681635728802,1537.074071284563,1567.0205300379491,4958904
2024-03-19,1501.119140625,1537.2183425142427,1497.8024875779802,1530.8252596452844,6870411
2024-03-20,1494.8702392578125,1514.097484972457,1492.3707207856676,1502.6092525994748,4759059
2024-03-21,1494.6298828125,1516.020193442864,1483.7665595113776,1503.5705989163719,11062497
2024-03-22,1450.551513671875,1469.826875137509,1440.3129814888052,1462.232089335552,14673890
2024-03-26,1434.9774169921875,1449.2055081878689,1430.41094620585,1434.3525080454037,8351081
2024-03-27,1426.517333984375,1441.0819953669468,1424.3062712483202,1438.197908651736,6857402
2024-03-28,1440.1688232421875,1453.387554709184,1429.6899508266822,1429.6899508266822,12499530
2024-04-01,1437.669189453125,1470.8361884538372,1435.1216732679904,1466.0774920604706,6580002
2024-04-02,1425.5560302734375,1435.4581086770484,1423.6333057176912,1427.4787548291838,7279400
2024-04-03,1423.4410400390625,1437.332677620838,1418.0093198515847,1421.854768854572,8736248
2024-04-04,1429.2572021484375,1437.8614646501408,1411.2797751153907,1432.9585406732908,11186915
2024-04-05,1421.950927734375,1429.257257606297,1419.01884318676,1422.8642923144866,5072482
2024-04-08,1419.6436767578125,1433.343089680353,1417.1441582216523,1425.70030625456,6610887
2024-04-09,1437.0924072265625,1455.3102931800076,1429.8341922913037,1432.42982355354,9423230
2024-04-10,1448.5806884765625,1451.5127729333365,1427.1903783662924,1442.3798315379402,6744595
2024-04-12,1427.3826904296875,1448.5807763164664,1422.3355382998636,1445.888914905708,12275616
2024-04-15,1411.424072265625,1434.3044243996258,1404.5984234641753,1422.8161919534118,8531224
2024-04-16,1359.798828125,1398.9263432791952,1358.4530148178953,1394.9366663519509,16173541
2024-04-18,1364.4134521484375,1388.8800758831053,1353.1174450582532,1366.1919489429413,22107945
2024-04-19,1356.7225341796875,1371.719762459648,1325.4782596990215,1331.4867740222267,20603621
2024-04-22,1377.391845703125,1381.333407692064,1358.453055191947,1365.0383635258054,5859087
2024-04-23,1386.6689453125,1390.946960421868,1377.63211661066,1387.2457391969172,4856174
2024-04-24,1375.4691162109375,1388.4956223694112,1371.9121226282693,1388.4956223694112,4268213
2024-04-25,1382.87158203125,1389.0724394064925,1365.1344941717352,1365.1344941717352,9089398
2024-04-26,1374.9884033203125,1389.5530653579672,1371.8639759049718,1384.073229940324,8062444
2024-04-29,1379.3145751953125,1384.1695018055798,1373.065720176132,1374.6999891627063,5055957
2024-04-30,1365.6632080078125,1381.0450041973593,1362.7791212222726,1379.2663901299095,6936588
2024-05-02,1359.798828125,1368.9798848278278,1357.2993096712137,1358.4048997624443,10076354
2024-05-03,1361.577392578125,1369.7489716488806,1348.9834533036935,1367.1532231788374,8842345
2024-05-06,1370.806640625,1389.8415453299433,1362.346604742488,1365.1345791142571,6445422
2024-05-07,1385.27490234375,1387.582195239738,1360.9043925105204,1369.8931061755525,6080661
2024-05-08,1372.1524658203125,1384.1213795843503,1370.5180794884,1379.795249208848,6234983
2024-05-09,1383.9290771484375,1393.9271506886637,1369.796981628288,1372.3927301216006,6088406
2024-05-10,1369.8450927734375,1380.4680752180618,1358.4048585337118,1379.6029430765502,8777481
2024-05-13,1368.451171875,1369.9413304391032,1356.6744832449094,1369.9413304391032,3735954
2024-05-14,1369.65283203125,1378.353207852325,1363.2598665718517,1371.287218365655,3463230
2024-05-15,1365.08642578125,1376.4786635438406,1363.740612370506,1370.9027149566334,4327544
2024-05-16,1397.1959228515625,1399.5032159209559,1371.8640488539954,1378.545470125184,9249145
2024-05-17,1388.4957275390625,1400.7049827810124,1383.6408005954509,1400.7049827810124,7542860
2024-05-21,1378.73779296875,1388.8800950197444,1373.2099596356863,1374.7481158749965,6752663
2024-05-22,1398.58984375,1403.540765438568,1372.8252885912257,1373.5463102764102,7173285
2024-05-23,1415.509765625,1421.0375984268112,1393.9752282828385,1398.493583805413,8641428
2024-05-24,1408.4918212890625,1418.4900122470244,1403.5888972420573,1411.5201358737334,5277938
2024-05-27,1414.5003662109375,1422.4316050153511,1403.8292683812124,1414.9810473505988,5821844
2024-05-28,1410.3665771484375,1418.970722596649,1403.8773817707088,1418.490041457558,6186922
2024-05-29,1394.8885498046875,1408.8764178859115,1393.9753025824439,1408.7803051289059,7401634
2024-05-30,1372.296630859375,1393.8311708335086,1366.624686913403,1387.0536367212903,9663150
2024-05-31,1371.760498046875,1400.8649238524729,1365.032812523725,1374.5880898199573,37113815
2024-06-03,1370.785400390625,1404.033674005501,1368.9328321553635,1404.033674005501,10589244
2024-06-04,1358.84130859375,1379.658033205682,1324.4229369059228,1373.807893135552,13736134
2024-06-05,1394.380859375,1402.0835675909418,1365.1789578532776,1365.1789578532776,9233424
2024-06-06,1435.4781494140625,1437.476994921283,1401.5960874734012,1408.85996393557,12660930
2024-06-07,1495.2958984375,1501.2435175164167,1440.3533523289473,1444.00969016698,24075302
2024-06-10,1462.291259765625,1491.5907588534046,1459.9025001820376,1487.2031538065999,6810606
2024-06-11,1458.39111328125,1468.823815070724,1456.6360237178806,1462.583761115188,4853054
2024-06-12,1448.1046142578125,1471.0664614805357,1445.7158546878306,1469.3601706387192,9564320
2024-06-13,1456.6361083984375,1467.4101641892535,1452.1510247241338,1457.6599305401555,7307565
2024-06-14,1451.7122802734375,1466.142554347695,1448.9334875481077,1466.142554347695,4237727
2024-06-18,1460.7799072265625,1469.3601601498674,1458.0499133119856,1459.6099268376586,5420939
2024-06-19,1473.6015625,1477.7942106452415,1459.3174461695942,1467.410187837327,5493456
2024-06-20,1477.5504150390625,1479.5979402789894,1461.6574867540273,1478.42795986229,7927010
2024-06-21,1494.4183349609375,1518.8427190237114,1485.6431242588264,1506.4111705290543,17301941
2024-06-24,1489.0069580078125,1490.9082059639925,1477.5504334510292,1486.4719210591036,5564989
2024-06-25,1503.437255859375,1505.3386228666056,1482.3767746181575,1487.8856805292482,4551525
2024-06-26,1502.218505859375,1510.1649703794121,1496.6609200839146,1502.5110604881513,4851004
2024-06-27,1534.052978515625,1538.976894088541,1493.784585190291,1500.0246394725445,14757754
2024-06-28,1527.6177978515625,1548.8245552176206,1525.180239533625,1533.2729807577389,8197544
2024-07-01,1551.067138671875,1559.939827043026,1520.5488612730949,1520.5488612730949,6801771
2024-07-02,1580.561767578125,1592.9933162222828,1546.8746607024498,1556.3323402976748,10493173
2024-07-03,1586.7530517578125,1595.1382289123615,1565.887527893186,1584.4129718719971,7269965
2024-07-04,1609.42236328125,1618.538808064561,1587.3380599572922,1587.5330170243992,8008311
2024-07-05,1606.30224609375,1624.242700384009,1592.5544400147564,1610.202339677658,7065022
2024-07-08,1620.1475830078125,1624.388910801362,1599.0383035499601,1602.0608521487309,5880533
2024-07-09,1615.760009765625,1625.1202103618075,1609.7635922047962,1618.441324047008,5191182
2024-07-10,1607.082275390625,1632.1891272585506,1596.649572902613,1615.613729908852,9852770
2024-07-11,1611.421142578125,1623.41397813326,1601.0372384756638,1614.6387674406476,8857679
2024-07-12,1668.996337890625,1676.7965252445756,1625.022805487011,1638.0393443296334,17078316
2024-07-15,1664.4136962890625,1684.8403883424053,1660.1235696440942,1683.0852986626521,6942230
2024-07-16,1682.9390869140625,1694.4930897114273,1657.539681248719,1675.6750916039832,6886281
2024-07-18,1714.139892578125,1721.3062905823963,1676.0651821635772,1676.0651821635772,11248896
2024-07-19,1748.1680908203125,1797.943081102566,1741.8304389617622,1797.943081102566,29819116
2024-07-22,1765.6209716796875,1777.4675289324205,1748.1680302846828,1755.1882696669777,8462126
2024-07-23,1791.0205078125,1793.9942577705635,1738.710478582206,1764.7923545401895,7113056
2024-07-24,1788.14404296875,1796.3342629947656,1774.152481560902,1791.605423504355,6002845
2024-07-25,1779.2713623046875,1785.1703012664898,1766.7423358793608,1774.5425227927356,5815599
2024-07-26,1831.971435546875,1835.9690075636295,1779.7588864220972,1779.7588864220972,11369047
2024-07-29,1824.3662109375,1855.469480366421,1817.4435687877083,1846.304236848296,4635931
2024-07-30,1830.26513671875,1832.9951307328352,1813.543462174526,1824.366197741286,2721265
2024-07-31,1821.58740234375,1838.0653210227051,1818.4673751831438,1830.1188567906963,5004209
2024-08-01,1806.3282470703125,1821.2461520384675,1799.0155718940416,1809.740828819239,7475014
2024-08-02,1775.7125244140625,1813.0559673160951,1770.788727779074,1796.9680816152534,7400938
2024-08-05,1708.1434326171875,1752.6044736236083,1675.6264276618872,1740.3678829585922,10736703
2024-08-06,1707.3634033203125,1752.0682011331073,1701.2695072438298,1716.2360922033897,7690163
2024-08-07,1746.900634765625,1752.9945307935927,1718.0886467368307,1751.1419625968092,5094329
2024-08-08,1699.612060546875,1735.492850191383,1683.9628873956328,1735.492850191383,6227910
2024-08-09,1726.5225830078125,1736.2728164287234,1712.140988711969,1727.010094678858,4258524
2024-08-12,1752.507080078125,1758.4546990040476,1723.9388468966088,1728.7652841315069,4315329
2024-08-13,1752.5556640625,1764.7922546522138,1744.365563180685,1764.7922546522138,4176918
2024-08-14,1777.71142578125,1779.4177167425098,1752.5557742866815,1756.9921783945222,7450718
2024-08-16,1812.5196533203125,1815.3472449089315,1783.805262567244,1803.7932417323866,7335657
2024-08-19,1818.2236328125,1820.9049470871198,1803.0131729829857,1813.5434730155098,2585989
2024-08-20,1825.438720703125,1838.6015363062697,1821.538627191082,1833.043950660172,3870333
2024-08-21,1825.9261474609375,1832.0688420652468,1820.4660406023306,1828.2662272635982,1966902
2024-08-22,1833.2877197265625,1846.3530568904166,1823.001175405798,1836.9440574204725,4300287
2024-08-23,1815.591064453125,1835.5790443195538,1810.6184688760034,1831.28891751955,5015935
2024-08-26,1829.2901611328125,1841.575432070603,1817.4436031129605,1823.2937434663284,3728589
2024-08-27,1852.641845703125,1855.2256813879358,1827.0962815117323,1829.2900840518048,3830679
2024-08-28,1890.667724609375,1902.2705260971802,1850.0092991588629,1859.2720208389876,6514531
2024-08-29,1885.0614013671875,1901.7830759029405,1872.9224080657316,1884.7201669932756,7228284
2024-08-30,1895.15283203125,1901.295526726158,1879.8450130912988,1889.5952465616892,13466759
2024-09-02,1915.4334716796875,1926.4024849433151,1894.2755114819659,1894.8117029397854,5573739
2024-09-03,1892.76416015625,1917.8710125060368,1888.0840002650073,1917.8710125060368,4694322
2024-09-04,1874.43359375,1879.0649546678148,1852.5931659020603,1873.1173360302705,4778310
2024-09-05,1884.866455078125,1891.5453413709522,1861.9046070627135,1878.1387700081425,4081810
2024-09-06,1854.34814453125,1888.1327275977371,1849.473027754597,1873.994888945443,5848106
2024-09-09,1847.328125,1872.8736906980234,1841.819218936854,1842.7942423455024,4772612
2024-09-10,1864.5372314453125,1886.670214257235,1848.644302962128,1857.3220347286262,6909600
2024-09-11,1862.44091796875,1877.895014611819,1857.4195237982947,1866.8772028988358,5312946
2024-09-12,1901.734375,1907.535835740706,1863.0747917550168,1876.9200766599954,8555092
2024-09-13,1895.5428466796875,1909.680685073812,1887.3039470861556,1901.7342210686957,3843127
2024-09-16,1901.539306640625,1903.2455975195487,1884.768952467765,1897.1517015233924,1570181
2024-09-17,1903.781982421875,1909.5345252500708,1893.6417152834613,1899.1018225052499,2793127
2024-09-18,1844.8905029296875,1890.3265684033404,1834.3115231145357,1890.3265684033404,6385468
2024-09-19,1846.88916015625,1876.8224480606875,1831.873895960651,1862.8795667117413,7976570
2024-09-20,1858.1507568359375,1867.169722860197,1820.758635015316,1857.4194893204572,15242974
2024-09-23,1849.0830078125,1870.9723537088278,1831.5325872912213,1861.3195986178432,3636672
2024-09-24,1851.1793212890625,1863.172156185441,1824.6587335944862,1840.8440975119734,7277616
2024-09-25,1847.9619140625,1854.1044901242792,1829.9239810020886,1839.2353831420482,4268341
2024-09-26,1852.7880859375,1870.0459512988607,1845.7191667831537,1850.399326383558,8952803
2024-09-27,1859.1258544921875,1925.2811678990213,1855.7620713951017,1883.8426736989857,14908931
2024-09-30,1828.75390625,1853.7632808251788,1823.7813106027597,1833.044033110499,6986955
2024-10-01,1856.7857666015625,1861.2708503856265,1828.1688539454187,1828.1688539454187,4029072
2024-10-03,1846.1092529296875,1864.0983863063177,1834.0189394659815,1842.3066380228454,7503887
2024-10-04,1870.2410888671875,1905.2931311832979,1838.8940639202572,1842.355444469921,10001483
2024-10-07,1885.98779296875,1893.4954254714787,1868.1936160815953,1875.1649381106677,6112575
2024-10-08,1899.8818359375,1909.0469604018253,1858.7357782951613,1889.4978132388082,5637391
2024-10-09,1903.976806640625,1927.6211223804971,1896.5178543658283,1903.7818495832903,4857163
2024-10-10,1871.06982421875,1914.9458753338329,1866.2921859597154,1908.998256653625,4782119
2024-10-11,1886.7677001953125,1898.3705021069761,1862.3921159361064,1870.094824366297,4709431
2024-10-14,1909.9732666015625,1920.3084903207136,1882.8675698277727,1883.8913919551653,3751378
2024-10-15,1910.36328125,1941.7101864726114,1903.0018074106454,1911.0457499807171,5353705
2024-10-16,1872.142333984375,1910.6070770365932,1868.4859963760694,1906.1706731299532,3111512
2024-10-17,1918.9434814453125,1928.596236666682,1881.9413919550382,1886.8651885882837,8162822
2024-10-18,1832.6539306640625,1888.474019455993,1822.5624624334712,1846.4993341440768,10526196
2024-10-21,1806.474609375,1851.3744846784607,1792.0930141849954,1843.86673306473,4654601
2024-10-22,1805.353271484375,1830.8989555222813,1800.8193889508361,1811.7884020054903,4125240
2024-10-23,1826.6087646484375,1838.8940350336711,1797.9430544019563,1799.1618335874239,4311910
2024-10-24,1816.8096923828125,1836.9439478876664,1813.5433880419637,1814.90844450391,2906475
2024-10-25,1815.542236328125,1829.4849985119592,1800.2830974337767,1816.9071737708175,4689120
2024-10-28,1818.759765625,1834.8964495297284,1810.6183445306106,1813.250859943176,7018940
2024-10-29,1813.7799072265625,1825.9091734808057,1803.6227707551052,1820.3868971098545,4621252
2024-10-30,1777.0960693359375,1813.4841106394226,1771.4258498491638,1806.5812347424808,5919715
2024-10-31,1732.868408203125,1763.0931679230187,1722.2675629117984,1763.0931679230187,7395236
2024-11-01,1736.4183349609375,1741.4969032331146,1727.7405064233335,1740.017715602962,371966
2024-11-04,1739.1795654296875,1742.4830604559677,1694.1629303131592,1700.5727434953685,7336722
2024-11-05,1729.860595703125,1743.9128783247852,1720.7882929682014,1735.5801694120541,3160880
2024-11-06,1798.3963623046875,1801.8478002805573,1738.1934949801216,1739.5247398383508,10421494
2024-11-07,1778.032958984375,1800.3685968171349,1762.2056025400752,1787.7955014436675,4550965
2024-11-08,1804.5595703125,1815.0618266546207,1787.9927409344914,1792.775423572222,4210960
2024-11-11,1834.291259765625,1842.081672068644,1797.2623347827093,1803.6227934762044,3804234
2024-11-12,1842.87060546875,1854.9012833451236,1835.1787816614965,1845.1386209364089,5012450
2024-11-13,1842.4761962890625,1847.2095246339784,1830.544106425298,1835.2774347702136,4257495
2024-11-14,1838.6795654296875,1849.9706494411498,1830.2481478479606,1839.714924537372,4311431
2024-11-18,1786.3162841796875,1823.5425071201328,1770.0945742542924,1823.5425071201328,4839244
2024-11-19,1799.4317626953125,1833.8967865305349,1795.2900854570928,1800.1713565147516,4669769
2024-11-21,1808.602783203125,1841.095557014798,1795.339328415918,1816.442429577535,5436504
2024-11-22,1875.8564453125,1887.4927694808482,1808.553408176173,1828.374498334409,6301486
2024-11-25,1863.4805908203125,1892.6699906690035,1855.8874755481472,1889.4157296228746,12764638
2024-11-26,1897.45263671875,1911.702096274213,1870.9752018384395,1878.518962558038,6850495
2024-11-27,1897.7977294921875,1914.4632675339492,1885.224634635848,1903.3200059027895,4447143
2024-11-28,1830.88916015625,1888.3309462638708,1825.9585347392867,1888.3309462638708,8468790
2024-11-29,1832.072509765625,1850.9568296791742,1819.4008261897052,1825.4161652795651,5244346
2024-12-02,1853.718017578125,1856.6763928884145,1809.7367416638726,1833.2065672761437,2868263
2024-12-03,1865.8472900390625,1873.391171179535,1845.1880172073568,1860.8180760709474,4715792
2024-12-04,1863.036865234375,1887.3941073159906,1848.9845824080737,1857.8597084036323,4705573
2024-12-05,1908.004150390625,1922.845381488632,1862.7409836386182,1873.6377142854979,9050038
2024-12-06,1895.7269287109375,1911.061101890244,1885.8656776464575,1905.9826538933166,3573331
2024-12-09,1896.9595947265625,1903.4186419806354,1870.876513302606,1897.5018913119027,4274645
2024-12-10,1921.51416015625,1938.3275213087989,1905.193741189519,1912.096617063394,6174921
2024-12-11,1946.7589111328125,1950.5554687332371,1924.9162158580782,1927.8745911898272,5025612
2024-12-12,1959.4305419921875,1971.0668661345264,1943.2088325103296,1947.7942178498488,6462130
2024-12-13,1971.954345703125,1978.6106902340612,1926.6912991940405,1942.419946638723,5362693
2024-12-16,1952.5770263671875,1971.8556995891386,1950.1609476784474,1967.7632564033934,3119221
2024-12-17,1949.1749267578125,1954.5000265866995,1930.8330232375165,1940.6942746330094,5811050
2024-12-18,1951.6895751953125,1957.4090287235867,1934.3830310124576,1939.5109539146308,3064095
2024-12-19,1919.1966552734375,1932.5586987644317,1893.360225349003,1907.165976992173,5323592
2024-12-20,1895.4803466796875,1952.4783040802065,1884.7315592319012,1947.7449759219587,11056720
2024-12-23,1897.6005859375,1913.0827019209628,1882.5128236943906,1903.270805285977,2781793
2024-12-24,1882.5621337890625,1915.0549070531515,1814.4701488042217,1900.312385244756,2360544
2024-12-26,1880.93505859375,1893.1136796250162,1875.9058446088604,1882.5621891003143,3623321
2024-12-27,1890.1552734375,1897.4526232065393,1877.4835900581845,1882.907278073787,3937500
2024-12-30,1879.554443359375,1889.4156943738521,1860.325003881144,1889.1198086927782,7789055
2024-12-31,1853.9151611328125,1870.6792875898645,1819.4501375379239,1866.0445478376714,3613063
2025-01-01,1856.3804931640625,1866.6854522663125,1847.998429848315,1847.998429848315,1838368
2025-01-02,1930.68505859375,1935.4185073607873,1859.141752753138,1860.818117320804,7083645
2025-01-03,1911.85009765625,1925.8530263652963,1895.3325017126049,1925.8530263652963,6218003
2025-01-06,1910.9625244140625,1945.6248461798139,1901.2492161351652,1924.9162188256444,7164403
2025-01-07,1904.0596923828125,1931.375430841724,1896.9596395631565,1918.013387115037,4294832
2025-01-08,1906.3277587890625,1911.7020924267943,1862.5437803277457,1903.221440652574,5482050
2025-01-09,1890.69775390625,1924.7683048137867,1884.04140929985,1907.2153497813902,6833503
2025-01-10,1939.65869140625,1950.3582448997252,1905.440199043595,1910.1242932060775,8036913
2025-01-13,1934.974609375,1955.2888825925095,1921.9578062977632,1928.8606819489098,5804152
2025-01-14,1913.132080078125,1944.4415525214629,1904.30618806105,1941.5324112023416,5792162
2025-01-15,1922.598876953125,1930.8823520910328,1910.2229584649278,1919.9856212925836,2985439
2025-01-16,1901.69287109375,1939.6586868478057,1890.2538441886265,1938.6725617632849,7533579
2025-01-17,1790.2607421875,1832.2204128168014,1786.858658785815,1825.3175372033904,16409953
2025-01-20,1788.1407470703125,1802.5873839291105,1768.270301617817,1797.6567582772059,4333011
2025-01-21,1775.7154541015625,1806.236098768633,1768.1716932405016,1793.810946341272,7169109
2025-01-22,1830.69189453125,1839.9122605214925,1780.103749105465,1782.3225305814187,8373913
2025-01-23,1839.5670166015625,1853.4714767898427,1826.9939215973595,1832.220432769354,5907471
2025-01-24,1849.4283447265625,1868.60855091582,1838.3837913147927,1839.616447739169,4887027
2025-01-27,1796.719970703125,1837.151100669551,1786.8587194918016,1823.0988176934152,7652371
2025-01-28,1804.3624267578125,1837.6441493445463,1799.57974403178,1804.6089580362327,6999495
2025-01-29,1855.1478271484375,1862.4451768959955,1814.9632296965842,1819.4007926053778,5145155
2025-01-30,1834.143310546875,1861.0152192135097,1818.414663533007,1847.1602339434605,7336056
2025-01-31,1853.718017578125,1871.1230293523827,1845.0400685173022,1845.0400685173022,5820470
2025-02-01,1825.6627197265625,1864.3681307478303,1820.3869744015317,1854.2111142217134,1701402
2025-02-03,1837.447021484375,1850.5131795891741,1806.975730583523,1810.5257570121476,4823228
2025-02-04,1872.4544677734375,1884.6823232329095,1848.984641243281,1862.7903932312308,7334787
2025-02-05,1870.7286376953125,1893.0642745340085,1868.0167937158456,1879.5544090414844,4996744
2025-02-06,1889.070556640625,1897.3046770838346,1873.6376748748885,1890.4018014395585,4765255
2025-02-07,1877.237060546875,1897.008796469081,1863.2340119765795,1892.6699423538048,4126260
2025-02-10,1854.2110595703125,1878.568301204317,1852.534574687111,1878.568301204317,3828734
2025-02-11,1849.6256103515625,1876.5961083803954,1844.0539793333367,1856.972194364576,4411601
2025-02-12,1837.299072265625,1868.3126596599398,1821.3731272347864,1858.8458824242405,5633947
2025-02-13,1817.6751708984375,1847.5054564916438,1810.1806438825727,1842.5748307737585,5237744
2025-02-14,1830.6427001953125,1833.5024871238693,1802.9818423780237,1828.2759758276586,5292961
2025-02-17,1816.73828125,1827.0432401752385,1796.8678368321998,1813.0403122036325,4428956
2025-02-18,1826.25439453125,1835.8198805610482,1812.1035229276997,1816.7383832854173,4365260
2025-02-19,1785.6754150390625,1823.5425233371382,1780.8433778768451,1821.7675703475043,4611411
2025-02-20,1799.8262939453125,1805.5951018447554,1780.4982655923657,1780.4982655923657,2218020
2025-02-21,1789.8170166015625,1804.4609499348014,1781.1390677643708,1796.5227152827192,3379879
2025-02-24,1739.623291015625,1782.9142076324636,1725.9654822503978,1775.0745611201182,7594720
2025-02-25,1743.17333984375,1753.7741849650602,1720.9362904431496,1720.9362904431496,5092963
2025-02-27,1739.820556640625,1751.2102292840527,1726.8036331353665,1730.846721957405,5757079
2025-02-28,1664.2833251953125,1730.7481826909784,1659.106168289425,1730.6989486606933,12182167
2025-03-03,1684.893310546875,1704.615812415331,1668.8195437500424,1668.8195437500424,7504969
2025-03-04,1664.8751220703125,1675.4266129180364,1646.8289838570458,1671.4821123578997,6759673
2025-03-05,1687.753173828125,1708.9055098893523,1668.9674417970127,1668.9674417970127,8180782
2025-03-06,1692.042724609375,1698.403303714733,1667.6361284442405,1691.204542351751,10610547
2025-03-07,1662.60693359375,1681.3433106627187,1652.2526199503725,1679.4696488805018,8019331
2025-03-10,1677.842529296875,1695.14907322124,1652.9428701352483,1662.606944415946,7558981
2025-03-11,1638.54541015625,1656.6901357180045,1614.336111648948,1656.6901357180045,12671234
2025-03-12,1568.777099609375,1614.1882088567118,1542.1024877383609,1614.1882088567118,14870008
2025-03-13,1557.9296875,1583.766236887254,1548.5122651881575,1577.0605381756682,7822888
2025-03-17,1567.98828125,1571.8834272886888,1523.711239680789,1523.711239680789,7526032
2025-03-18,1567.98828125,1567.98828125,1567.98828125,1567.98828125,0
2025-03-19,1564.536865234375,1580.7585753901394,1550.9776447654951,1580.7585753901394,7387068
2025-03-20,1593.134521484375,1609.2576434825316,1569.9112262370732,1569.9112262370732,7186750
2025-03-21,1570.45361328125,1581.6461093555213,1541.9545731422113,1556.0560901796125,10074677
2025-03-24,1570.6507568359375,1584.8016279799526,1550.8789003823247,1575.7785592177397,8857726
2025-03-25,1605.8553466796875,1613.4485820609123,1582.7307615847424,1582.7307615847424,9890140
2025-03-26,1577.2578125,1615.0264536438078,1572.8696037624018,1603.4394832085677,6651302
2025-03-27,1581.301025390625,1597.4733814773153,1563.9944809345598,1573.4120242257595,9426573
2025-03-28,1548.857421875,1576.271627596916,1538.355165420368,1567.938918601529,6799047
2025-04-01,1505.3199462890625,1525.9299846961485,1496.7899402056196,1517.8930411565277,12680733
2025-04-02,1528.641845703125,1534.065533745542,1513.8992032527772,1513.8992032527772,6193478
2025-04-03,1475.7362060546875,1513.3569025396205,1464.4451218569632,1513.3569025396205,10459504
2025-04-04,1431.508544921875,1451.5761669039568,1427.9091641826965,1440.2357281000195,9590254
2025-04-07,1377.3702392578125,1386.3933080363427,1288.8655111580174,1333.241140845937,21715252
2025-04-08,1408.9755859375,1436.2912029581203,1395.3670114560523,1411.1450129990183,12805001
2025-04-09,1384.2237548828125,1389.8939742084822,1362.7262999262337,1385.5551200692491,8546854
2025-04-11,1389.89404296875,1418.8369123902967,1377.6661874236538,1391.669116387415,12567440
2025-04-15,1406.21435546875,1427.6132214230709,1389.4502292114087,1425.5423828430714,10178530
2025-04-16,1393.493408203125,1407.6936342633087,1377.4196406823328,1405.2283214187144,12022740
2025-04-17,1399.8045654296875,1409.9617020085943,1359.1762598672565,1378.6028759920416,14264227
2025-04-21,1430.8675537109375,1451.379004423389,1390.4364236612141,1390.4364236612141,15648970
2025-04-22,1403.058837890625,1420.0201414292796,1399.6074000468734,1420.0201414292796,9399738
2025-04-23,1454.4359130859375,1467.1569507677636,1419.6256494074153,1425.9368740316995,11136642
2025-04-24,1450.9844970703125,1462.324935726995,1441.22183449924,1449.505309419441,7114292
2025-04-25,1459.662353515625,1480.864043581714,1443.194112173071,1455.0276136053067,8329979
2025-04-28,1461.5360107421875,1468.9319491141807,1444.9691810148831,1459.6623489459623,5886253
2025-04-29,1476.722412109375,1488.8517996048886,1453.6470595242981,1461.4374722845366,8056743
2025-04-30,1479.2862548828125,1487.8656155741658,1462.0290654409305,1476.0321142425894,7704183
2025-05-02,1485.991943359375,1502.065710329334,1475.4403325201433,1478.8917703842976,7402310
2025-05-05,1487.6683349609375,1501.8685607929344,1481.9488814793483,1493.979559817003,4282493
2025-05-06,1490.528076171875,1494.571164972708,1478.3001009589232,1485.1043881672801,4270530
2025-05-07,1487.37255859375,1497.72687229769,1475.8348225262564,1479.1876719914237,5691799
2025-05-08,1490.4295654296875,1495.4587795844232,1480.371016743612,1487.0767158676624,8424409
2025-05-09,1486.6822509765625,1490.429574694462,1473.3695614613061,1479.8779633712215,4478653
2025-05-12,1604.3270263671875,1609.356240543565,1510.743725804376,1515.6743515413355,11372857
2025-05-13,1546.8358154296875,1589.8308459268644,1542.8913150101926,1586.675293741908,12846210
2025-05-14,1570.3056640625,1572.8695652973822,1547.7233747550104,1552.1609377918994,4870057
2025-05-15,1590.6197509765625,1596.1420273386075,1549.2024976963296,1567.7416973152629,11151167
2025-05-16,1567.84033203125,1590.2253238143162,1559.5568570553514,1590.2253238143162,4576751
2025-05-19,1538.157958984375,1563.0082630282545,1534.1147498260523,1554.62619978804,8855798
2025-05-20,1538.94677734375,1561.529065774123,1536.382876208452,1548.2163771805324,7143998
2025-05-21,1546.7371826171875,1549.2024953086398,1530.564707285941,1546.145531646558,4157309
2025-05-22,1526.028564453125,1539.1440761948634,1518.6326263378432,1533.9175651094254,6158990
2025-05-23,1543.088623046875,1565.1777292492216,1528.4939232420525,1528.4939232420525,5038421
2025-05-26,1558.5706787109375,1561.8249396042181,1541.0176042515016,1544.8635161135799,3170102
2025-05-27,1548.3150634765625,1560.9375134619054,1534.805197163501,1557.9791380318973,7775714
2025-05-28,1549.991455078125,1565.6707476113982,1548.216381776405,1559.0637576996792,3623370
2025-05-29,1563.5999755859375,1586.5767391705513,1554.7248494526432,1566.9528250893914,8609500
2025-05-30,1562.699951171875,1572.0,1555.0999755859375,1571.0,13148092
2025-06-02,1553.800048828125,1560.0,1539.0,1560.0,4374509
2025-06-03,1543.0,1567.300048828125,1535.5999755859375,1559.0,6853403
2025-06-04,1551.199951171875,1557.300048828125,1541.4000244140625,1543.0,4548307
2025-06-05,1554.300048828125,1567.699951171875,1541.5999755859375,1547.9000244140625,6948539
2025-06-06,1563.800048828125,1568.9000244140625,1543.0999755859375,1554.699951171875,3960020
2025-06-09,1572.9000244140625,1588.0,1571.0,1578.0,2903202
2025-06-10,1596.0,1607.5,1577.5,1584.0,8591925
2025-06-11,1631.0999755859375,1634.5999755859375,1590.0999755859375,1590.0999755859375,10597410
2025-06-12,1608.5999755859375,1628.0,1598.0999755859375,1617.0,10483574
2025-06-13,1602.0,1609.0,1570.199951171875,1576.0,6968315
2025-06-16,1623.800048828125,1634.800048828125,1597.0999755859375,1600.0,5591842
2025-06-17,1639.9000244140625,1647.4000244140625,1615.5999755859375,1620.699951171875,7622083
2025-06-18,1632.9000244140625,1644.699951171875,1621.0,1621.0,5629707
2025-06-19,1618.4000244140625,1630.0,1611.5,1623.9000244140625,5147760
2025-06-20,1622.9000244140625,1630.699951171875,1608.9000244140625,1619.0,9202821
2025-06-23,1584.0,1601.0,1575.4000244140625,1601.0,7943676
2025-06-24,1581.5999755859375,1609.0,1576.5999755859375,1601.0,8083992
2025-06-25,1614.9000244140625,1619.9000244140625,1585.0999755859375,1590.0,7813533
2025-06-26,1616.0,1624.0,1606.5999755859375,1608.800048828125,6519233
2025-06-27,1608.0,1629.5999755859375,1602.4000244140625,1619.0,8912268
2025-06-30,1601.800048828125,1615.0,1594.0999755859375,1615.0,6294505
2025-07-01,1606.800048828125,1617.699951171875,1600.5,1609.0,4178937
2025-07-02,1610.5,1649.0,1603.4000244140625,1618.0,8653641
2025-07-03,1618.699951171875,1632.4000244140625,1615.0,1618.5,5259695
2025-07-04,1640.699951171875,1643.4000244140625,1612.300048828125,1625.0,4411273
2025-07-07,1627.0,1644.0,1623.0,1640.0,3294523
2025-07-08,1638.699951171875,1646.199951171875,1621.5,1628.0,4590681
2025-07-09,1633.699951171875,1638.0,1623.5999755859375,1637.800048828125,4580828
2025-07-10,1615.800048828125,1638.9000244140625,1607.0999755859375,1638.9000244140625,5330179
2025-07-11,1594.9000244140625,1607.0999755859375,1563.0,1579.0999755859375,11391755
2025-07-14,1570.300048828125,1591.800048828125,1559.800048828125,1591.800048828125,9173426
2025-07-15,1585.5999755859375,1603.5999755859375,1564.0,1565.0999755859375,7614807
2025-07-16,1607.9000244140625,1612.0,1578.5,1579.0,6223491
2025-07-17,1583.5,1610.0,1580.0999755859375,1598.0,7374814
2025-07-18,1586.0999755859375,1599.300048828125,1580.0,1592.0999755859375,5161833
2025-07-21,1584.300048828125,1589.0,1566.800048828125,1580.0,3682661
2025-07-22,1570.9000244140625,1585.800048828125,1565.0,1565.0,8473741
2025-07-23,1574.5,1591.9000244140625,1550.0,1576.300048828125,8035026
2025-07-24,1552.5,1582.0,1548.199951171875,1580.0,14169664
2025-07-25,1515.699951171875,1549.5,1511.300048828125,1543.4000244140625,10851259
2025-07-28,1516.0,1519.300048828125,1482.5,1513.9000244140625,6439855
2025-07-29,1513.699951171875,1517.199951171875,1496.0999755859375,1512.9000244140625,7070448
2025-07-30,1519.0,1521.699951171875,1506.0,1519.9000244140625,5719051
2025-07-31,1509.0,1527.0999755859375,1497.0,1509.699951171875,6851407
2025-08-01,1469.5999755859375,1498.699951171875,1465.5,1493.9000244140625,8702978
2025-08-04,1480.5,1482.800048828125,1451.0,1461.5,8610216
2025-08-05,1460.300048828125,1478.699951171875,1455.0,1478.699951171875,10213323
2025-08-06,1436.699951171875,1456.0999755859375,1430.300048828125,1452.0,10566934
2025-08-07,1436.9000244140625,1442.0,1414.199951171875,1430.0,9892020
2025-08-08,1423.0999755859375,1433.199951171875,1417.0999755859375,1425.0,10048009
2025-08-11,1428.199951171875,1433.4000244140625,1414.0,1419.9000244140625,6625368
2025-08-12,1424.0999755859375,1441.0,1421.0,1428.199951171875,9899184
2025-08-13,1426.5999755859375,1434.0,1422.4000244140625,1425.0,10318063
2025-08-14,1447.699951171875,1470.0,1426.199951171875,1426.199951171875,12902347
2025-08-18,1435.800048828125,1464.699951171875,1429.5999755859375,1464.699951171875,7254561
2025-08-19,1440.0,1449.4000244140625,1432.699951171875,1432.699951171875,3986094
2025-08-20,1496.199951171875,1499.0,1440.699951171875,1440.699951171875,10413061
2025-08-21,1496.4000244140625,1508.0,1484.300048828125,1508.0,6565539
2025-08-22,1487.5,1504.300048828125,1486.0999755859375,1498.0999755859375,5543397
2025-08-25,1532.0999755859375,1539.0,1506.699951171875,1506.699951171875,10694531
2025-08-26,1529.5999755859375,1538.4000244140625,1518.5999755859375,1523.0,15994798
2025-08-27,1529.5999755859375,1529.5999755859375,1529.5999755859375,1529.5999755859375,0
2025-08-28,1500.0999755859375,1529.5999755859375,1498.0,1529.5999755859375,5443364
2025-08-29,1469.5999755859375,1501.9000244140625,1467.699951171875,1501.9000244140625,8169075
2025-09-01,1499.4000244140625,1503.4000244140625,1476.199951171875,1476.699951171875,4546057
2025-09-02,1498.699951171875,1512.800048828125,1486.300048828125,1499.4000244140625,5218763
2025-09-03,1479.0999755859375,1501.9000244140625,1473.0,1500.0,4623483
2025-09-04,1463.0,1484.0,1460.0999755859375,1484.0,5787724
2025-09-05,1444.5999755859375,1472.699951171875,1433.0,1470.0,5466487
2025-09-08,1432.9000244140625,1458.0,1428.300048828125,1451.0,3811567
2025-09-09,1504.300048828125,1507.199951171875,1472.5,1481.0,13072640
2025-09-10,1532.5999755859375,1534.9000244140625,1509.300048828125,1510.0999755859375,7281071
